{
    "norm_stats": {
      "state": {
        "mean": [
          -0.05483333021402359,
          -1.0138822793960571,
          -0.9318069219589233,
          -0.5222567319869995,
          0.0215236097574234,
          0.08878662437200546,
          0.44154876470565796,
          0.03438355401158333,
          -0.9771134853363037,
          -0.887955367565155,
          -0.5080805420875549,
          -0.014005615375936031,
          -0.08994363993406296,
          0.45254722237586975
        ],
        "std": [
          0.11026409268379211,
          1.1198328733444214,
          1.046895980834961,
          0.5845598578453064,
          0.06415030360221863,
          0.26017123460769653,
          0.8348866105079651,
          0.1019778624176979,
          1.109865427017212,
          1.026945948600769,
          0.5828909277915955,
          0.060033682733774185,
          0.2728172838687897,
          0.8289361000061035
        ],
        "q01": [
          -0.3434307589739561,
          -2.74330882935524,
          -2.901309800386429,
          -1.5945118517875672,
          -0.10333618593215943,
          -0.29761303949356077,
          -1.079865574836731,
          -0.06829792268127202,
          -2.7354884764671326,
          -2.85829296913147,
          -1.5932022693872452,
          -0.2107929708391428,
          -0.8070427750587463,
          -1.079865574836731
        ],
        "q99": [
          0.027667406450211984,
          -0.0005838069438937055,
          -0.0006166439533235035,
          -0.00035480904579165973,
          0.2300855946391821,
          0.8482281627655028,
          0.945247679245472,
          0.30713459839522833,
          -0.0005950594902039974,
          -0.000645504283904863,
          -0.0003380441904066167,
          0.09831853027939796,
          0.31440816289782525,
          0.945247679245472
        ]
      },
      "actions": {
        "mean": [
          -0.026469245553016663,
          -0.09913085401058197,
          -0.051806267350912094,
          -0.029648147523403168,
          -0.009423579089343548,
          -0.0384812168776989,
          0.4246155619621277,
          0.026203567162156105,
          -0.09562931209802628,
          -0.053120847791433334,
          -0.02785479836165905,
          0.007099212147295475,
          0.039363738149404526,
          0.42936789989471436
        ],
        "std": [
          0.07795313745737076,
          0.5056833624839783,
          0.5270617008209229,
          0.27780881524086,
          0.052065160125494,
          0.22018887102603912,
          0.8723171949386597,
          0.07782518118619919,
          0.49491530656814575,
          0.5104144215583801,
          0.2682914137840271,
          0.05133230239152908,
          0.23329052329063416,
          0.8699108362197876
        ],
        "q01": [
          -0.32942900095582006,
          -2.4284737277030946,
          -2.427882683944702,
          -1.2959336656928062,
          -0.23620003483295443,
          -0.9366860666632653,
          -1.1689000129699707,
          -0.044732844364643094,
          -2.4054313526153566,
          -2.367812894129753,
          -1.2795903609752655,
          -0.1165796431183815,
          -0.561908699798584,
          -1.1689000129699707
        ],
        "q99": [
          0.023623190063238153,
          0.6210261260509489,
          0.8506365322113041,
          0.43177628700733184,
          0.12530064061880108,
          0.5093173152446746,
          0.9429775653600694,
          0.33510843254476785,
          0.6111502151489261,
          0.8495368518829345,
          0.43032741093635574,
          0.24899433420300482,
          1.0169507755279539,
          0.9429775653600694
        ]
      }
    }
  }