{
  "norm_stats": {
    "state": {
      "mean": [
        -0.07178853452205658,
        -0.48138412833213806,
        0.030669962987303734,
        -2.1044921875,
        0.028690515086054802,
        2.693673849105835,
        0.8066210150718689,
        0.41791948676109314,
        0.086220383644104,
        0.4956418573856354,
        0.020436570048332214,
        -2.078803300857544,
        -0.01812145672738552,
        2.68168568611145,
        0.7653098106384277,
        0.7298209071159363
      ],
      "std": [
        0.12453048676252365,
        0.3383408784866333,
        0.0782683938741684,
        0.5962195992469788,
        0.07651986926794052,
        0.2828855514526367,
        0.2577320337295532,
        0.8280851244926453,
        0.13786780834197998,
        0.33721181750297546,
        0.07381914556026459,
        0.5933631658554077,
        0.059572599828243256,
        0.2807443141937256,
        0.23862282931804657,
        0.41682562232017517
      ],
      "q01": [
        -0.49443638174533844,
        -1.2427772836267947,
        -0.18573923408985138,
        -2.6179938316345215,
        -0.22271268714666367,
        2.1191191897392274,
        0.3211218980550766,
        -1.079865574836731,
        -0.018012245930731294,
        0.19550593100190164,
        -0.19279282920360563,
        -2.6179938316345215,
        -0.1839393718242645,
        2.159637587738037,
        0.06976480102539062,
        0.0
      ],
      "q99": [
        0.01771913094669575,
        -0.19636276347041126,
        0.20929288119077682,
        -0.8015848214626311,
        0.20830564910769467,
        2.9414239115715026,
        1.5161809306442737,
        0.945247679245472,
        0.5087524626404047,
        1.1817285646706819,
        0.234563174200058,
        -0.9209007547378538,
        0.16311088103055954,
        2.941430428314209,
        1.216036210823059,
        0.9998
      ]
    },
    "actions": {
      "mean": [
        -0.034756533801555634,
        0.0001966517884284258,
        -0.008045263588428497,
        -0.007324043195694685,
        0.0024723331443965435,
        0.004800788126885891,
        0.73114413022995,
        0.019369032233953476,
        0.041441261768341064,
        0.0006097177974879742,
        -0.012260117568075657,
        -0.0061482638120651245,
        0.0032436917535960674,
        2.6851093769073486,
        0.8395335078239441,
        0.7459478378295898
      ],
      "std": [
        0.08551733195781708,
        0.20551833510398865,
        0.04794568568468094,
        0.32018744945526123,
        0.03258179873228073,
        0.13481135666370392,
        0.26414695382118225,
        0.9176020622253418,
        0.09880808740854263,
        0.20782560110092163,
        0.06307128071784973,
        0.3226343095302582,
        0.04238634929060936,
        0.2615538239479065,
        0.24554722011089325,
        0.4122557044029236
      ],
      "q01": [
        -0.37310271943509576,
        -0.8109351393222809,
        -0.19957699204683302,
        -0.8024236765861511,
        -0.11731541010439396,
        -0.6317229826450348,
        0.31044951209425925,
        -2.1145527362823486,
        -0.0496450719535351,
        -0.5218196058273316,
        -0.2780266821324825,
        -0.7578027244567871,
        -0.11635002212524412,
        2.164018743133545,
        0.12250078134536743,
        0.0
      ],
      "q99": [
        0.0376268965244293,
        0.5429503607153894,
        0.13145730263590816,
        1.3892511721372602,
        0.11837154269218447,
        0.32450410366058335,
        1.5092314700186251,
        2.022438036537171,
        0.4301990931928158,
        0.8144350189685821,
        0.15494725403189658,
        1.408799361228943,
        0.18063438229560858,
        2.941430428314209,
        1.303037193584442,
        0.9998
      ]
    }
  }
}